<?xml version="1.0" encoding="UTF-8"?>
<extension type="component" version="3.2.0" method="upgrade">
    
    <name>APNS</name>
    <author>Luca Finocchio</author>
    <authorEmail>luca.finocchio@gmail.com</authorEmail>
    <authorUrl></authorUrl>
    <creationDate>January 2014</creationDate>
    <version>0.0.1</version>
    <description>COM_APNS_DESCRIPTION</description>
    
    
    <files folder="site">
        <filename>apns.php</filename>
        <filename>controller.php</filename>
        <folder>models</folder>
        <folder>views</folder>
        <folder>controllers</folder>
        <folder>language</folder>
        <folder>tables</folder>
    </files>
    
    <install folder="admin">
        <sql>
            <file charset="utf8" driver="mysql">sql/install.mysql.utf8.sql</file>
        </sql>
    </install>
    <uninstall folder="admin">
        <sql>
            <file charset="utf8" driver="mysql">sql/uninstall.mysql.utf8.sql</file>
        </sql>
    </uninstall>
    <update>
      <schemas>
        <schemapath type="mysql">sql/updates</schemapath>
      </schemas>
    </update>
    
    <media destination="com_apns" folder="media">
    	<folder>images</folder>
    	<folder>css</folder>
        <folder>js</folder>
        <folder>certificates</folder>
    </media>
    
    
    <administration>
            <menu>COM_APNS</menu>
        <files folder="admin">
            <filename>apns.php</filename>
            <filename>controller.php</filename>
            <folder>controllers</folder>
            <folder>language</folder>
            <folder>models</folder>
            <folder>sql</folder>
            <folder>tables</folder>
            <folder>views</folder>
            <folder>helpers</folder>
        </files>
    </administration>
</extension>