<?xml version="1.0" encoding="UTF-8"?>
<install type="component" version="2.5.0" method="upgrade">
    
    <name>CasaPlus</name>
    <author>Luca Finocchio</author>
    <authorEmail>luca.finocchio@gmail.com</authorEmail>
    <authorUrl></authorUrl>
    <creationDate>November 2013</creationDate>
    <version>0.0.1</version>
    <description>COM_CASAPLUS_DESCRIPTION</description>
    
    
    <files folder="site">
        <filename>index.html</filename>
        <filename>casaplus.php</filename>
        <filename>controller.php</filename>
        <folder>models</folder>
        <folder>views</folder>
        <folder>controllers</folder>
        <folder>language</folder>
        <folder>tables</folder>
    </files>
    
    <install folder="admin">
        <sql>
            <file charset="utf8" driver="mysql">sql/install.mysql.utf8.sql</file>
        </sql>
    </install>
    <uninstall folder="admin">
        <sql>
            <file charset="utf8" driver="mysql">sql/uninstall.mysql.utf8.sql</file>
        </sql>
    </uninstall>
    <update>
      <schemas>
        <schemapath type="mysql">sql/updates</schemapath>
      </schemas>
    </update>
    
    <media destination="com_casaplus" folder="media">
    	<folder>images</folder>
    	<folder>css</folder>
        <folder>js</folder>
        <folder>sound</folder>
        <folder>mespeak</folder>
    </media>
    
    
    <administration>
            <menu>COM_CASAPLUS</menu>
        <files folder="admin">
            <filename>index.html</filename>
            <filename>casaplus.php</filename>
            <filename>controller.php</filename>
            <folder>controllers</folder>
            <folder>language</folder>
            <folder>models</folder>
            <folder>sql</folder>
            <folder>tables</folder>
            <folder>views</folder>
            <folder>helpers</folder>
        </files>
    </administration>
</install>